,STATEFP,COUNTYFP,COUNTYNS,AFFGEOID,GEOID,NAME,LSAD,ALAND,AWATER,geometry,FIPStxt,State,County,RuralUrbanContinuumCode2013,UrbanInfluenceCode2013,RuralUrbanContinuumCode2003,UrbanInfluenceCode2003,Metro2013,Nonmetro2013,Micropolitan2013,Type_2015_Update,Type_2015_Farming_NO,Type_2015_Manufacturing_NO,Type_2015_Mining_NO,Type_2015_Government_NO,Type_2015_Recreation_NO,Low_Education_2015_update,Low_Employment_2015_update,Population_loss_2015_update,Retirement_Destination_2015_Update,Perpov_1980_0711,PersistentChildPoverty_1980_2011,Hipov,HiAmenity,HiCreativeClass2000,Gas_Change,Oil_Change,Oil_Gas_Change,Metro2003,NonmetroNotAdj2003,NonmetroAdj2003,Noncore2003,EconomicDependence2000,Nonmetro2003,Micropolitan2003,FarmDependent2003,ManufacturingDependent2000,LowEducation2000,RetirementDestination2000,PersistentPoverty2000,Noncore2013,Type_2015_Nonspecialized_NO,Metro_Adjacent2013,PersistentChildPoverty2004,RecreationDependent2000
0,12,123,00295728,0500000US12123,12123,Taylor,06,2702180641,489194665,"POLYGON ((-88506.74704393634 641541.6822231873, -80657.73801488918 658666.6618253904, -74941.67367193394 661621.6572126551, -71320.14159632835 664885.3570896916, -37494.59283952264 664171.5487468601, -37648.38605646227 659308.336673686, -27827.94335261607 659109.1983542987, -29034.43133905719 617807.4885146897, -27441.2079416959 610484.7998358884, -24152.65240525696 610462.5730374114, -29106.06003973581 593155.0139713918, -33727.51825479482 593290.8955041589, -33772.80789277965 593787.8244564076, -40375.30897791428 597034.719465699, -45551.3486745721 599867.4277136796, -49786.42168185549 607089.8288629461, -53671.58994542717 614898.7376484062, -58751.15957359233 621853.6812081352, -69173.79506645817 628590.5847810404, -82784.87449717184 635821.2901357057, -88506.74704393634 641541.6822231873))",12123,FL,Taylor,6.0,6.0,6.0,6.0,0.0,1.0,0.0,3.0,0.0,1.0,0.0,0.0,0.0,1.0,1.0,0.0,1.0,0.0,1.0,0.0,1.0,0.0,0.0,0.0,0.0,0.0,0.0,1.0,1.0,3.0,1.0,0.0,0.0,1.0,1.0,0.0,0.0,1.0,0.0,1.0,1.0,0.0
1,12,061,00307624,0500000US12061,12061,Indian River,06,1302203812,295578903,"POLYGON ((211708.4167777625 385068.3159987319, 212917.8545097436 386549.0867721486, 248365.296656096 386587.5061586999, 254395.0162275161 390874.6070453975, 260763.283697903 377555.1233462451, 266048.7087094255 361791.1188257841, 267482.0244545352 357344.1199568437, 231619.5101403088 357324.0148902127, 222006.1766950923 357332.0890402665, 221902.3775609854 366690.905386542, 212517.8684057929 366577.1473267004, 211708.4167777625 385068.3159987319))",12061,FL,Indian River,3.0,2.0,3.0,2.0,1.0,0.0,0.0,5.0,0.0,0.0,0.0,0.0,1.0,0.0,0.0,0.0,1.0,0.0,0.0,0.0,1.0,1.0,0.0,0.0,0.0,1.0,0.0,0.0,0.0,5.0,0.0,0.0,0.0,0.0,0.0,1.0,0.0,0.0,0.0,0.0,0.0,0.0
2,12,073,00306916,0500000US12073,12073,Leon,06,1727086019,90548394,"POLYGON ((-157359.6931292447 670644.9275937476, -150546.2241992657 676555.5577925564, -138148.2872193992 683184.140489625, -127076.6236419416 685344.6841686036, -124149.3771071691 696301.1279163772, -114872.6908065669 708390.0578160962, -99502.22854710853 707198.9013456955, -95554.28627306648 706857.2277604289, -88249.83355303673 706228.9568137547, -85810.3289549849 689530.9080612008, -92089.69057887956 684292.9823363279, -95417.27124399442 680027.172718411, -95982.74138321797 662204.4997708182, -111933.894117281 662717.8369728627, -116146.7047638213 666065.2417550156, -157306.7273474179 666987.6917822519, -157359.6931292447 670644.9275937476))",12073,FL,Leon,2.0,2.0,2.0,2.0,1.0,0.0,0.0,4.0,0.0,0.0,0.0,1.0,0.0,0.0,0.0,0.0,0.0,0.0,0.0,1.0,1.0,1.0,0.0,0.0,0.0,1.0,0.0,0.0,0.0,4.0,0.0,0.0,0.0,0.0,0.0,0.0,0.0,0.0,0.0,0.0,0.0,0.0
3,12,103,00295745,0500000US12103,12103,Pinellas,06,709006650,866038559,"POLYGON ((17392.05973720655 426687.4672153926, 37846.10306675191 426512.5270150623, 37858.69510961164 423370.752105817, 37785.33569232491 404996.6688247829, 45104.15595739277 397120.5743632267, 45694.21501182605 389058.2722341991, 43681.92978345513 386907.5126289132, 40060.31400264596 382871.5393248647, 39764.82627723378 377647.3637846347, 37004.47904126332 374092.5395607039, 31710.82327965458 365850.7686774763, 28921.66557012292 364521.8250199093, 28491.69489068582 371792.6156174768, 27809.34236919598 377655.8573792527, 23567.00041304051 384401.491163325, 18121.7115323919 391433.2415278018, 18815.83902699867 400609.482523787, 20187.22082811742 409665.719844536, 20205.61070298936 409787.2311563172, 18109.62092878568 418945.9441484212, 17392.05973720655 426687.4672153926))",12103,FL,Pinellas,1.0,1.0,1.0,1.0,1.0,0.0,0.0,0.0,0.0,0.0,0.0,0.0,0.0,0.0,0.0,0.0,0.0,0.0,0.0,0.0,1.0,1.0,0.0,0.0,0.0,1.0,0.0,0.0,0.0,5.0,0.0,0.0,0.0,0.0,0.0,0.0,0.0,0.0,1.0,0.0,0.0,0.0
4,12,049,00295746,0500000US12049,12049,Hardee,06,1651329788,1439673,"POLYGON ((95958.95682947717 367468.6817224192, 144393.3497821867 367180.433495237, 144186.9545199414 333273.0984073255, 95529.76274010818 333325.6404009887, 95958.95682947717 367468.6817224192))",12049,FL,Hardee,6.0,3.0,6.0,5.0,0.0,1.0,1.0,0.0,0.0,0.0,0.0,0.0,0.0,1.0,1.0,0.0,0.0,1.0,1.0,1.0,1.0,0.0,0.0,0.0,0.0,0.0,0.0,1.0,0.0,1.0,1.0,1.0,1.0,0.0,1.0,1.0,1.0,0.0,1.0,1.0,1.0,0.0
5,12,043,00295743,0500000US12043,12043,Glades,06,2089129695,466706483,"POLYGON ((144185.841610921 299260.9793283185, 173486.9983377213 299030.1248045425, 173462.1488913291 308849.5578425328, 183316.6421837734 308903.0286696666, 183244.8090402201 318637.0236793821, 205877.4331886365 318223.0778994178, 212024.2388409897 314159.1445706644, 211354.6170848264 290857.4527835205, 205434.8311602655 269816.9112227538, 143717.6824958835 269996.712598495, 144185.841610921 299260.9793283185))",12043,FL,Glades,6.0,4.0,6.0,4.0,0.0,1.0,0.0,0.0,0.0,0.0,0.0,0.0,0.0,1.0,1.0,0.0,1.0,0.0,0.0,0.0,1.0,0.0,0.0,0.0,0.0,0.0,0.0,1.0,1.0,1.0,1.0,0.0,1.0,0.0,0.0,1.0,0.0,1.0,1.0,1.0,0.0,1.0
6,12,029,00295725,0500000US12029,12029,Dixie,06,1826212953,410630401,"POLYGON ((-33727.51825479482 593290.8955041589, -29106.06003973581 593155.0139713918, -24152.65240525696 610462.5730374114, 14355.1884216007 609922.2777162344, 11411.20091757827 602237.8163439455, 10594.66720619079 583530.4691005342, 12305.74772792912 584121.8162631867, 7519.707383485162 570872.960437179, -107.0617627731117 557525.0074189092, -10468.75682052164 551017.09542631, -10821.33850938446 551163.7246784146, -11286.8313536231 557198.8970641632, -13798.76041650318 562762.070458674, -17412.07640240065 567129.6926273442, -22666.26055087053 567758.2624610319, -23867.93358854629 571213.8447880455, -32837.61866825714 577433.4265509528, -33012.55284731466 585455.4174076188, -33727.51825479482 593290.8955041589))",12029,FL,Dixie,6.0,7.0,6.0,7.0,0.0,1.0,0.0,4.0,0.0,0.0,0.0,1.0,0.0,0.0,1.0,0.0,1.0,0.0,0.0,1.0,1.0,0.0,0.0,0.0,0.0,0.0,0.0,1.0,1.0,4.0,1.0,0.0,0.0,0.0,1.0,1.0,0.0,1.0,0.0,1.0,1.0,0.0
7,12,093,00295760,0500000US12093,12093,Okeechobee,06,1991328272,318722514,"POLYGON ((186133.6368719769 362037.1740235872, 185971.9601306542 366684.1377374339, 212517.8684057929 366577.1473267004, 221902.3775609854 366690.905386542, 222006.1766950923 357332.0890402665, 231619.5101403088 357324.0148902127, 231913.8493214314 318268.1194328196, 231980.9362321458 308920.0986294185, 211354.6170848264 290857.4527835205, 212024.2388409897 314159.1445706644, 205877.4331886365 318223.0778994178, 202858.7459148756 319534.780419697, 196594.2736103253 335199.2793821599, 190262.3108560444 337412.9982272448, 178833.2796681534 354003.9892772116, 186133.6368719769 362037.1740235872))",12093,FL,Okeechobee,4.0,3.0,4.0,5.0,0.0,1.0,1.0,0.0,0.0,0.0,0.0,0.0,0.0,1.0,1.0,0.0,0.0,0.0,0.0,1.0,1.0,0.0,0.0,0.0,0.0,0.0,0.0,1.0,0.0,1.0,1.0,1.0,1.0,0.0,1.0,1.0,0.0,0.0,1.0,1.0,0.0,0.0
8,12,035,00308547,0500000US12035,12035,Flagler,06,1256519758,221918898,"POLYGON ((149286.7121350224 586131.2394155442, 168618.1032619857 586412.8326107198, 179633.1273602361 591378.7068493937, 184147.9993016998 578585.929854588, 190009.3679095096 564359.4707132614, 184872.771204904 562587.054483788, 185415.0098181132 546515.5571943716, 159444.7895255126 546046.2409994781, 157878.0612747734 561280.6293864332, 153713.2330043212 561075.1928968576, 149522.7373663275 572587.0123103422, 149286.7121350224 586131.2394155442))",12035,FL,Flagler,2.0,2.0,4.0,5.0,1.0,0.0,0.0,0.0,0.0,0.0,0.0,0.0,0.0,0.0,1.0,0.0,1.0,0.0,0.0,0.0,1.0,1.0,0.0,0.0,0.0,0.0,0.0,1.0,0.0,5.0,1.0,1.0,0.0,0.0,0.0,1.0,0.0,0.0,1.0,0.0,0.0,1.0
9,12,053,00295751,0500000US12053,12053,Hernando,06,1224485109,301068594,"POLYGON ((36957.53399687499 461022.3752231968, 37868.7751643197 467703.9719877787, 36867.40601200299 476320.9878593735, 36923.73341753584 484290.9473281681, 61393.88687350339 484036.0349402737, 61421.14324941233 480825.0424699727, 76539.82032738699 480847.9969126913, 75375.60753228744 479592.6660706835, 81796.44556820212 470198.7251031642, 96786.88729192296 464438.8263133821, 96723.0628510926 459676.5902436575, 77274.44107826584 459873.9467242296, 77209.69834881622 455034.2601105396, 34357.00750583073 455394.1883119298, 36957.53399687499 461022.3752231968))",12053,FL,Hernando,1.0,1.0,1.0,1.0,1.0,0.0,0.0,0.0,0.0,0.0,0.0,0.0,0.0,0.0,1.0,0.0,1.0,0.0,0.0,0.0,1.0,0.0,0.0,0.0,0.0,1.0,0.0,0.0,0.0,5.0,0.0,0.0,0.0,0.0,0.0,1.0,0.0,0.0,1.0,0.0,0.0,0.0
10,12,091,00306915,0500000US12091,12091,Okaloosa,06,2409293012,393276379,"POLYGON ((-352987.0965610865 752796.4666160338, -343662.776635321 752227.0070964212, -331727.5531332952 751510.1647582364, -314996.4207065557 750609.1002136568, -319137.6642386566 682100.3614882138, -320538.1085349867 682484.7901233233, -341726.8203314909 685297.8054149859, -357919.65547338 684804.2725406003, -352987.0965610865 752796.4666160338))",12091,FL,Okaloosa,3.0,2.0,3.0,2.0,1.0,0.0,0.0,0.0,0.0,0.0,0.0,0.0,0.0,0.0,0.0,0.0,0.0,0.0,0.0,0.0,1.0,1.0,0.0,0.0,0.0,1.0,0.0,0.0,0.0,4.0,0.0,0.0,0.0,0.0,0.0,0.0,0.0,0.0,1.0,0.0,0.0,0.0
11,12,121,00295729,0500000US12121,12121,Suwannee,06,1783342120,9593307,"POLYGON ((-16274.80516908169 658900.1221651485, -10744.32240111509 671457.9944880489, -8667.142907175148 672569.3443822317, -51.48814582207706 678793.1201226257, 7658.079662095872 677165.2301416172, 27430.7263813582 666591.3311508361, 26878.09186480209 627692.5906192189, 29975.41295402395 625350.6315611007, 26156.42470315105 621706.8893404879, 20054.92092118307 619466.8583254111, 18413.77144090939 616809.3955838123, 10566.0289163258 628719.4237442857, -8246.498387528758 642011.0542391116, -14515.38904883005 642519.5563441151, -16274.80516908169 658900.1221651485))",12121,FL,Suwannee,6.0,6.0,6.0,6.0,0.0,1.0,0.0,0.0,0.0,0.0,0.0,0.0,0.0,0.0,1.0,0.0,1.0,0.0,1.0,0.0,0.0,0.0,0.0,0.0,0.0,0.0,0.0,1.0,1.0,6.0,1.0,0.0,0.0,0.0,0.0,1.0,0.0,1.0,1.0,1.0,1.0,0.0
12,12,027,00294452,0500000US12027,12027,DeSoto,06,1649027555,6243548,"POLYGON ((95333.91131241011 318865.8186256784, 95529.76274010818 333325.6404009887, 144186.9545199414 333273.0984073255, 144176.6871479967 299277.4189951351, 102442.1569169882 299690.1864410831, 95073.88746845491 299402.8698109358, 95333.91131241011 318865.8186256784))",12027,FL,DeSoto,6.0,5.0,6.0,5.0,0.0,1.0,1.0,0.0,0.0,0.0,0.0,0.0,0.0,1.0,1.0,0.0,0.0,0.0,1.0,1.0,1.0,0.0,0.0,0.0,0.0,0.0,0.0,1.0,0.0,1.0,1.0,1.0,1.0,0.0,1.0,1.0,0.0,0.0,1.0,1.0,1.0,0.0
13,12,007,00303634,0500000US12007,12007,Bradford,06,761362115,16905201,"POLYGON ((73849.29673383749 623759.387234811, 78466.70115088361 631649.7741236504, 89422.66923420146 640614.2749011067, 89918.4175169378 644282.6564894242, 98893.79688851598 644198.5449071524, 98812.8485490937 600296.4542112972, 98481.23142798795 597144.4964959866, 97863.36251274044 597101.5674161559, 90492.46372228272 610221.918653254, 77024.55779125664 611145.5859922317, 63007.90238800368 620188.746043436, 73849.29673383749 623759.387234811))",12007,FL,Bradford,6.0,4.0,6.0,6.0,0.0,1.0,0.0,0.0,0.0,0.0,0.0,0.0,0.0,1.0,1.0,0.0,0.0,0.0,0.0,1.0,1.0,0.0,0.0,0.0,0.0,0.0,0.0,1.0,1.0,4.0,1.0,0.0,0.0,0.0,0.0,1.0,0.0,1.0,1.0,1.0,0.0,0.0
14,12,041,00303633,0500000US12041,12041,Gilchrist,06,905705530,14362143,"POLYGON ((11411.20091757827 602237.8163439455, 14355.1884216007 609922.2777162344, 16993.29999977825 610177.5950318684, 18413.77144090939 616809.3955838123, 20054.92092118307 619466.8583254111, 26156.42470315105 621706.8893404879, 29056.10870860869 621216.3222082015, 29189.79298043676 617765.1397805234, 39698.62212847295 610194.0092426928, 39495.09216517044 580774.8627200245, 29783.85061187227 580657.663896082, 28227.19353783297 583166.6345756839, 20124.06760885776 583222.8679700374, 12305.74772792912 584121.8162631867, 10594.66720619079 583530.4691005342, 11411.20091757827 602237.8163439455))",12041,FL,Gilchrist,2.0,2.0,3.0,2.0,1.0,0.0,0.0,4.0,0.0,0.0,0.0,1.0,0.0,0.0,1.0,0.0,1.0,0.0,0.0,0.0,1.0,0.0,0.0,0.0,0.0,1.0,0.0,0.0,0.0,1.0,0.0,0.0,1.0,0.0,0.0,1.0,0.0,0.0,0.0,0.0,0.0,0.0
15,12,055,00295756,0500000US12055,12055,Highlands,06,2634768891,231625544,"POLYGON ((144393.3497821867 367180.433495237, 147712.0634924637 367141.0278518974, 185971.9601306542 366684.1377374339, 186133.6368719769 362037.1740235872, 178833.2796681534 354003.9892772116, 190262.3108560444 337412.9982272448, 196594.2736103253 335199.2793821599, 202858.7459148756 319534.780419697, 205877.4331886365 318223.0778994178, 183244.8090402201 318637.0236793821, 183316.6421837734 308903.0286696666, 173462.1488913291 308849.5578425328, 173486.9983377213 299030.1248045425, 144185.841610921 299260.9793283185, 144176.6871479967 299277.4189951351, 144186.9545199414 333273.0984073255, 144393.3497821867 367180.433495237))",12055,FL,Highlands,3.0,2.0,4.0,5.0,1.0,0.0,0.0,0.0,0.0,0.0,0.0,0.0,0.0,0.0,1.0,0.0,1.0,0.0,1.0,0.0,1.0,0.0,0.0,0.0,0.0,0.0,0.0,1.0,0.0,6.0,1.0,1.0,0.0,0.0,0.0,1.0,0.0,0.0,1.0,0.0,1.0,0.0
16,12,125,00306913,0500000US12125,12125,Union,06,630806896,16049423,"POLYGON ((47923.96064476311 627899.494452685, 59481.61971499198 643890.2821155061, 89918.4175169378 644282.6564894242, 89422.66923420146 640614.2749011067, 78466.70115088361 631649.7741236504, 73849.29673383749 623759.387234811, 63007.90238800368 620188.746043436, 54146.90125683334 622756.8461424205, 52317.00626642437 622298.3962143291, 47923.96064476311 627899.494452685))",12125,FL,Union,6.0,4.0,6.0,7.0,0.0,1.0,0.0,0.0,0.0,0.0,0.0,0.0,0.0,1.0,1.0,0.0,1.0,0.0,0.0,1.0,1.0,0.0,0.0,0.0,0.0,0.0,0.0,1.0,1.0,4.0,1.0,0.0,0.0,0.0,0.0,1.0,0.0,1.0,1.0,1.0,0.0,0.0
17,12,113,00306914,0500000US12113,12113,Santa Rosa,06,2622050626,418020795,"POLYGON ((-404483.4863825036 738909.7713668252, -401427.9188149575 747456.0190999242, -389162.3439831565 754973.5918619554, -389066.4322202556 754968.7221685897, -366592.8468855429 753592.6921145846, -357416.1311359787 753069.8595449764, -352987.0965610865 752796.4666160338, -357919.65547338 684804.2725406003, -362783.97360415 684660.7188636945, -369462.0786954303 683674.2415197983, -392476.6909418163 680306.7816758762, -399698.9508236602 679797.6529361005, -399154.2415613167 686972.6835237819, -389893.1626898174 690484.4479811938, -388501.2165711189 699317.1267750731, -396320.9191385516 705886.8158895692, -400704.1736692204 712377.1429785955, -401090.6245327836 723596.6272222319, -404750.6062169503 725500.5909316447, -404483.4863825036 738909.7713668252))",12113,FL,Santa Rosa,2.0,2.0,2.0,2.0,1.0,0.0,0.0,0.0,0.0,0.0,0.0,0.0,0.0,0.0,0.0,0.0,1.0,0.0,0.0,0.0,1.0,1.0,2.0,9.0,9.0,1.0,0.0,0.0,0.0,4.0,0.0,0.0,0.0,0.0,0.0,1.0,0.0,0.0,1.0,0.0,0.0,0.0
18,12,019,00295726,0500000US12019,12019,Clay,06,1566375291,100402899,"POLYGON ((98939.83564013064 649053.781249368, 128843.1434948359 649083.8633565709, 131500.0313491152 649274.4810008084, 134554.3579857645 649178.4594115402, 134451.8550136605 641501.7172789451, 133505.3148973737 631529.7644623198, 141990.2974570075 623143.987017255, 143834.9313052729 610293.5004399566, 121496.6193785294 610018.9150886153, 112091.3405462372 605331.2306686423, 109133.0237663426 600248.5270342543, 98481.23142798795 597144.4964959866, 98812.8485490937 600296.4542112972, 98893.79688851598 644198.5449071524, 98939.83564013064 649053.781249368))",12019,FL,Clay,1.0,1.0,1.0,1.0,1.0,0.0,0.0,0.0,0.0,0.0,0.0,0.0,0.0,0.0,0.0,0.0,1.0,0.0,0.0,0.0,1.0,1.0,0.0,0.0,0.0,1.0,0.0,0.0,0.0,5.0,0.0,0.0,0.0,0.0,0.0,1.0,0.0,0.0,1.0,0.0,0.0,0.0
19,12,107,00306910,0500000US12107,12107,Putnam,06,1885167077,256548277,"POLYGON ((98299.45040406185 595361.1952737027, 97863.36251274044 597101.5674161559, 98481.23142798795 597144.4964959866, 109133.0237663426 600248.5270342543, 112091.3405462372 605331.2306686423, 121496.6193785294 610018.9150886153, 143834.9313052729 610293.5004399566, 149203.6508541279 601324.6543891779, 149225.7564690677 597122.2583383309, 149286.7121350224 586131.2394155442, 149522.7373663275 572587.0123103422, 153713.2330043212 561075.1928968576, 157878.0612747734 561280.6293864332, 156715.8488545067 559244.4575367672, 133865.0822154623 553179.4339539621, 128019.5661912739 558382.4194087801, 124728.4625880781 571306.2178873519, 118276.914039714 575070.7372114769, 102613.4836704558 573056.862528743, 97587.67122276119 569722.1549214786, 98299.45040406185 595361.1952737027))",12107,FL,Putnam,4.0,3.0,4.0,3.0,0.0,1.0,1.0,0.0,0.0,0.0,0.0,0.0,0.0,1.0,1.0,0.0,0.0,0.0,1.0,1.0,1.0,0.0,0.0,0.0,0.0,0.0,0.0,1.0,0.0,6.0,1.0,1.0,0.0,0.0,1.0,0.0,0.0,0.0,1.0,1.0,1.0,0.0
20,12,071,00295758,0500000US12071,12071,Lee,06,2025413418,1114617195,"POLYGON ((72665.55058230349 272701.8008495142, 80102.32017604657 270547.8370255733, 107400.1476358132 270265.497973019, 143717.6824958835 269996.712598495, 143717.7765354892 251247.6953631185, 143808.0332290471 241607.1067448211, 143921.8685522029 231557.7047015461, 134212.2914907049 231432.264415121, 134314.0038354008 219962.9611761488, 125500.4921756792 219936.9377123013, 118225.9550279644 219908.8587493062, 115493.7421930673 221491.7202982013, 107878.0798928876 233320.5552115864, 104599.3681350398 235084.1248307445, 98884.13765121387 235094.6622288027, 92762.32190117364 231820.2572393762, 87622.78157260975 233439.9101736321, 82272.29829433678 237917.9177834498, 75957.09390458497 251811.4229859381, 74175.70795347668 262622.8206930627, 74206.95147524419 269087.730874436, 72665.55058230349 272701.8008495142))",12071,FL,Lee,2.0,2.0,2.0,2.0,1.0,0.0,0.0,5.0,0.0,0.0,0.0,0.0,1.0,0.0,0.0,0.0,1.0,0.0,0.0,0.0,1.0,1.0,0.0,0.0,0.0,1.0,0.0,0.0,0.0,5.0,0.0,0.0,0.0,0.0,0.0,1.0,0.0,0.0,0.0,0.0,0.0,0.0
21,12,119,00295740,0500000US12119,12119,Sumter,06,1442915229,58825881,"POLYGON ((72142.71779748811 513348.8290376658, 106992.3727769767 512977.5543497237, 106624.1075060947 467717.3500516453, 106110.0248344318 444832.6989157844, 106040.1683757674 440814.9613597212, 96452.31460587151 441323.7721708116, 96723.0628510926 459676.5902436575, 96786.88729192296 464438.8263133821, 81796.44556820212 470198.7251031642, 75375.60753228744 479592.6660706835, 76539.82032738699 480847.9969126913, 85856.41410524983 494644.5651580237, 72142.71779748811 513348.8290376658))",12119,FL,Sumter,3.0,2.0,4.0,3.0,1.0,0.0,0.0,4.0,0.0,0.0,0.0,1.0,0.0,0.0,1.0,0.0,1.0,0.0,1.0,0.0,1.0,0.0,0.0,0.0,0.0,0.0,0.0,1.0,0.0,4.0,1.0,1.0,0.0,0.0,0.0,1.0,0.0,0.0,0.0,0.0,1.0,0.0
22,12,037,00306911,0500000US12037,12037,Franklin,06,1411908386,1275539661,"POLYGON ((-209496.2269237827 598728.4897998825, -197535.2833443602 610213.700077383, -190740.2744779028 610348.5749974804, -191561.4420133546 624872.0539162681, -188649.160020331 631524.5200999705, -186756.6762855961 636175.3584495317, -142042.4493078142 634385.8902809555, -140167.0742770817 631073.7635183986, -134663.5233209464 633140.6476942959, -122574.9310654619 628217.8057737775, -121979.2652185867 624088.2835740859, -123546.8578145102 621146.1082725339, -130753.8940254909 622045.3635787308, -135175.415488772 624568.7878470782, -141559.8234793629 623160.9996878428, -145654.7356362167 620815.2512421458, -144716.8061802782 612162.5355177925, -148576.9522967224 609599.5869000938, -157235.5262895034 607321.1770304821, -165657.6558044588 599724.1343736195, -175460.4183831347 596001.44001722, -192044.7413849521 588928.5991598938, -202709.3922452001 595518.2428376572, -209496.2269237827 598728.4897998825))",12037,FL,Franklin,6.0,6.0,6.0,7.0,0.0,1.0,0.0,4.0,0.0,0.0,0.0,1.0,0.0,1.0,1.0,0.0,0.0,0.0,1.0,1.0,1.0,0.0,0.0,0.0,0.0,0.0,0.0,1.0,1.0,5.0,1.0,0.0,0.0,0.0,1.0,0.0,0.0,1.0,0.0,1.0,1.0,1.0
23,12,001,00308548,0500000US12001,12001,Alachua,06,2266324954,242877007,"POLYGON ((39698.62212847295 610194.0092426928, 41392.06711554539 609984.4611251738, 52317.00626642437 622298.3962143291, 54146.90125683334 622756.8461424205, 63007.90238800368 620188.746043436, 77024.55779125664 611145.5859922317, 90492.46372228272 610221.918653254, 97863.36251274044 597101.5674161559, 98299.45040406185 595361.1952737027, 97587.67122276119 569722.1549214786, 97582.99119253567 566464.7099673888, 83589.24278094734 564418.9544488352, 82514.45838329731 571291.8236257372, 63586.3645557774 571613.5095766326, 49016.06588048453 571245.4149754808, 49023.99394354166 577626.4882508552, 39495.09216517044 580774.8627200245, 39698.62212847295 610194.0092426928))",12001,FL,Alachua,2.0,2.0,3.0,2.0,1.0,0.0,0.0,4.0,0.0,0.0,0.0,1.0,0.0,0.0,0.0,0.0,0.0,1.0,0.0,1.0,1.0,1.0,0.0,0.0,0.0,1.0,0.0,0.0,0.0,4.0,0.0,0.0,0.0,0.0,0.0,0.0,1.0,0.0,0.0,0.0,0.0,0.0
24,12,087,00295759,0500000US12087,12087,Monroe,06,2546027976,7133356544,"MULTIPOLYGON (((184952.4473624263 41780.32973748437, 196064.9792541272 48653.25240986956, 215415.1565497984 57429.10060134188, 239278.3164955284 74672.29412909225, 248761.791512243 84501.8065920799, 250356.448381239 91288.74756169772, 250854.6440824801 96068.68892194676, 251116.7898914561 96708.94776462222, 252110.6475081512 98840.36244337856, 255344.8738495211 100565.2045631593, 258549.4940037415 100143.2190970707, 260952.8398409987 102062.1569973614, 260928.0530900985 104211.1064725961, 263221.3463782945 108351.1858193687, 274036.3044100435 113293.0101212571, 277274.3062416328 111399.2661840846, 276660.1661923233 110260.3160431322, 264707.8019280608 90967.74375869049, 250799.5655814881 73860.4854612146, 235248.4602373241 59058.15878855934, 203415.1151428515 41481.8972553126, 189537.0343733678 37233.32653461901, 184952.4473624263 41780.32973748437)), ((155690.6978371717 162880.0342117054, 212725.6009315499 163060.6970799176, 212727.4322416125 158131.9533708911, 212762.7597313483 114166.3508440687, 214296.1931340556 93512.19179190784, 212553.7120767391 93156.08834100707, 208477.1525488895 89495.3607501643, 199032.0151194126 87731.78873451897, 191946.351123349 87002.3982580712, 185659.1276422463 94119.28360121672, 182782.3799901851 101085.3249091746, 185090.3941179039 110712.5655956869, 185234.2244832754 118996.3919328119, 179070.1345554982 129789.5419156122, 175840.1882253481 140219.3887955528, 170897.8876275507 148483.5950439761, 164272.7334595416 151820.0264594579, 161503.869617066 159939.622883562, 155690.6978371717 162880.0342117054)), ((117778.5680205899 26315.74284084145, 123951.0657984178 35670.97301831152, 131965.9136722163 40724.51693668927, 140861.9548741416 44802.34709382706, 142231.4575082949 46974.05544214264, 155162.2061239177 53240.99813738115, 169145.3565243481 46758.48469000434, 175382.3439447317 37753.45557007802, 165356.6322631364 33762.51776803906, 159308.3315304389 32202.70828495744, 155059.9773794817 34335.01706384506, 147611.2812082264 31986.46564432726, 139707.063895994 28902.34193761031, 130582.3057741092 25130.91046437982, 117677.981552415 23738.03070344352, 117778.5680205899 26315.74284084145)), ((97171.3291986183 23608.18004334425, 100342.319914165 27751.62192767884, 112013.337569863 28054.00641581018, 106870.8579430129 18562.04236134998, 95799.18440424874 18704.81849230439, 97171.3291986183 23608.18004334425)), ((79659.75183808041 27251.83759755777, 84154.17089156351 32507.22625349323, 89943.99130426839 28869.87120206628, 88464.18013287202 22591.18055027787, 80485.77659120115 22234.119388577, 79659.75183808041 27251.83759755777)))",12087,FL,Monroe,4.0,3.0,4.0,3.0,0.0,1.0,1.0,5.0,0.0,0.0,0.0,0.0,1.0,0.0,0.0,0.0,0.0,0.0,0.0,0.0,1.0,1.0,0.0,0.0,0.0,0.0,0.0,1.0,0.0,5.0,1.0,1.0,0.0,0.0,0.0,0.0,0.0,0.0,0.0,1.0,0.0,1.0
25,12,033,00295737,0500000US12033,12033,Escambia,06,1701544502,563927612,"POLYGON ((-430510.6495987184 752046.9270849715, -430865.0753505781 757197.5720705841, -430854.7225783148 757196.9748955929, -423257.5668170492 756761.4971158089, -414274.8265075118 756292.9798973902, -403393.5002836197 755705.8997848873, -389162.3439831565 754973.5918619554, -401427.9188149575 747456.0190999242, -404483.4863825036 738909.7713668252, -404750.6062169503 725500.5909316447, -401090.6245327836 723596.6272222319, -400704.1736692204 712377.1429785955, -396320.9191385516 705886.8158895692, -388501.2165711189 699317.1267750731, -389893.1626898174 690484.4479811938, -399154.2415613167 686972.6835237819, -399698.9508236602 679797.6529361005, -403395.6302887709 679538.9134409261, -408367.239574349 680076.0622717127, -418177.2252615415 678321.4906860098, -427785.5488798349 677008.7705709487, -421007.5515622996 683722.4221658861, -418656.0214127715 690180.8133984413, -412163.3887633004 693543.3238999305, -416665.3878440401 696101.9793379795, -419239.0301749662 701848.8267861404, -417688.8520331443 706531.1544001424, -414433.1048954701 712383.5018362092, -414001.2504482412 718250.881137098, -417821.3358456048 722426.1911375984, -425340.7270230296 727953.1989374313, -426941.5132331956 731304.8253906108, -435189.4130439429 742771.7405737588, -430510.6495987184 752046.9270849715))",12033,FL,Escambia,2.0,2.0,2.0,2.0,1.0,0.0,0.0,0.0,0.0,0.0,0.0,0.0,0.0,0.0,0.0,0.0,0.0,0.0,1.0,0.0,1.0,1.0,0.0,9.0,0.0,1.0,0.0,0.0,0.0,4.0,0.0,0.0,0.0,0.0,0.0,0.0,0.0,0.0,1.0,0.0,1.0,0.0
26,12,133,00295762,0500000US12133,12133,Washington,06,1514305159,81008994,"POLYGON ((-266825.3963737887 692259.0320084402, -271455.2806034019 708737.1237434947, -264329.0080293017 715848.2962948177, -261720.9829387981 725486.5845995775, -258709.7720785668 725309.8164608458, -253727.1516685269 720204.7547547859, -242514.029355792 719457.4790618984, -240288.1691191016 729006.6936169836, -229019.9081168732 728432.0522012792, -224423.5308294044 723350.0530183708, -225621.1271692479 699169.1953627443, -230575.8819251254 699367.3213361508, -231309.6050405414 684838.8118576544, -266459.1932712633 686734.9124471967, -280109.2134683047 681621.9047997699, -266825.3963737887 692259.0320084402))",12133,FL,Washington,6.0,6.0,6.0,6.0,0.0,1.0,0.0,4.0,0.0,0.0,0.0,1.0,0.0,0.0,1.0,0.0,0.0,0.0,1.0,1.0,1.0,0.0,0.0,0.0,0.0,0.0,0.0,1.0,1.0,4.0,1.0,0.0,0.0,0.0,0.0,0.0,0.0,1.0,0.0,1.0,1.0,0.0
27,12,003,00306920,0500000US12003,12003,Baker,06,1515738968,9686120,"POLYGON ((60003.65612685666 693541.0698917372, 63893.24875213002 693120.1225093532, 83094.8630137697 691063.1076085917, 82004.12541455055 686242.606386457, 84681.30432493085 681070.4097999937, 83723.97602059713 675553.3652668122, 86568.05457291046 669317.927639203, 90093.79528405775 668701.694693684, 94762.92834228647 668366.0019593956, 98974.47503106309 669168.9565226969, 99045.10893480059 658642.8141147634, 98939.83564013064 649053.781249368, 98893.79688851598 644198.5449071524, 89918.4175169378 644282.6564894242, 59481.61971499198 643890.2821155061, 59522.67858236848 647010.707292469, 59983.39204058581 693542.7220954908, 60003.65612685666 693541.0698917372))",12003,FL,Baker,1.0,1.0,1.0,1.0,1.0,0.0,0.0,4.0,0.0,0.0,0.0,1.0,0.0,0.0,1.0,0.0,1.0,0.0,0.0,0.0,0.0,0.0,0.0,0.0,0.0,1.0,0.0,0.0,0.0,4.0,0.0,0.0,0.0,0.0,0.0,1.0,0.0,0.0,0.0,0.0,0.0,0.0
28,12,059,00295735,0500000US12059,12059,Holmes,06,1240232909,26393537,"POLYGON ((-281163.4427687794 748933.2180142831, -267635.9157745069 748295.4096216665, -253859.3563337157 747900.3050219633, -237569.5044127835 747410.0948949353, -229771.1792499202 747184.2812460215, -232862.0514494234 744704.7099635655, -240288.1691191016 729006.6936169836, -242514.029355792 719457.4790618984, -253727.1516685269 720204.7547547859, -258709.7720785668 725309.8164608458, -261720.9829387981 725486.5845995775, -264329.0080293017 715848.2962948177, -282859.3696247726 716826.7078182374, -281163.4427687794 748933.2180142831))",12059,FL,Holmes,6.0,6.0,6.0,6.0,0.0,1.0,0.0,4.0,0.0,0.0,0.0,1.0,0.0,1.0,1.0,0.0,1.0,0.0,1.0,1.0,0.0,0.0,0.0,0.0,0.0,0.0,0.0,1.0,1.0,4.0,1.0,0.0,0.0,0.0,1.0,1.0,0.0,1.0,0.0,1.0,1.0,0.0
29,12,085,00308550,0500000US12085,12085,Martin,06,1408397026,542185816,"POLYGON ((231980.9362321458 308920.0986294185, 231913.8493214314 318268.1194328196, 270784.183366917 318432.9205042828, 270820.8945030308 324826.5973153049, 279411.4806829427 324799.5541679971, 283902.6359041769 314445.9668120342, 285410.3377372816 308052.3249486749, 287605.66818411 303732.6188025205, 291029.946525056 292469.5316616358, 285189.7764076649 290888.9265452675, 241677.0200196104 290812.3654171289, 211354.6170848264 290857.4527835205, 231980.9362321458 308920.0986294185))",12085,FL,Martin,2.0,2.0,2.0,2.0,1.0,0.0,0.0,5.0,0.0,0.0,0.0,0.0,1.0,0.0,0.0,0.0,1.0,0.0,0.0,0.0,1.0,1.0,0.0,0.0,0.0,1.0,0.0,0.0,0.0,5.0,0.0,0.0,0.0,0.0,0.0,1.0,0.0,0.0,0.0,0.0,0.0,0.0
30,12,127,00306921,0500000US12127,12127,Volusia,06,2852206495,857789601,"POLYGON ((133865.0822154623 553179.4339539621, 156715.8488545067 559244.4575367672, 157878.0612747734 561280.6293864332, 159444.7895255126 546046.2409994781, 185415.0098181132 546515.5571943716, 184872.771204904 562587.054483788, 190009.3679095096 564359.4707132614, 195465.8529987234 551150.9663874317, 203291.1765435999 533428.7798304071, 209029.2054210001 524155.5255191862, 220776.4311099019 503224.4324584113, 226603.5488569138 493918.725532877, 203134.7246982413 493778.2858891038, 203475.3577182033 474139.761307349, 201247.2225936918 474139.8644945403, 194031.941482003 489324.6459412312, 193379.7100346596 496342.9314209173, 182286.0084995016 493024.4452670894, 177944.7666314735 498501.5168356359, 168725.9486864207 498733.3014466805, 164206.5612566462 503700.1067582151, 165449.6424150023 515349.8950776473, 151129.1578859178 527973.3029566236, 148325.5067000394 536721.5823654728, 140454.2855782305 539677.3686520224, 137622.9488187955 547875.0390945419, 133865.0822154623 553179.4339539621))",12127,FL,Volusia,2.0,2.0,2.0,2.0,1.0,0.0,0.0,0.0,0.0,0.0,0.0,0.0,0.0,0.0,0.0,0.0,1.0,0.0,0.0,0.0,1.0,1.0,0.0,0.0,0.0,1.0,0.0,0.0,0.0,5.0,0.0,0.0,0.0,0.0,0.0,1.0,0.0,0.0,1.0,0.0,0.0,0.0
31,12,077,00308549,0500000US12077,12077,Liberty,06,2164099093,19582444,"POLYGON ((-196452.114577362 657204.5506311437, -188163.7813215259 669409.6293958331, -188821.9495574127 673876.9090713612, -182738.9482584074 683592.4252317486, -183068.4243615108 692822.6971653329, -177227.4040909378 701684.337192194, -172507.1691683671 701430.8499513149, -172717.666072296 693383.0818573532, -163087.6529124779 691455.4354145076, -163239.3640729606 684917.0045529647, -150546.2241992657 676555.5577925564, -157359.6931292447 670644.9275937476, -157306.7273474179 666987.6917822519, -153783.5675325464 647771.5320907023, -146477.314227783 636590.7689100084, -142042.4493078142 634385.8902809555, -186756.6762855961 636175.3584495317, -188649.160020331 631524.5200999705, -196970.3525050366 637574.0398185391, -200586.9049912296 645359.0450351983, -196452.114577362 657204.5506311437))",12077,FL,Liberty,8.0,7.0,8.0,7.0,0.0,1.0,0.0,4.0,0.0,0.0,0.0,1.0,0.0,1.0,1.0,0.0,0.0,0.0,0.0,0.0,0.0,0.0,0.0,0.0,0.0,0.0,0.0,1.0,1.0,4.0,1.0,0.0,0.0,0.0,1.0,0.0,0.0,1.0,0.0,1.0,0.0,0.0
32,12,129,00306912,0500000US12129,12129,Wakulla,06,1570616088,334902007,"POLYGON ((-157306.7273474179 666987.6917822519, -116146.7047638213 666065.2417550156, -111933.894117281 662717.8369728627, -95982.74138321797 662204.4997708182, -96562.97984523705 642845.9928886547, -101291.6142596156 642032.0725926466, -106579.629717372 640244.8056965052, -109328.15926299 641608.2826252064, -117300.012439145 638773.0376531765, -124830.4837046953 633603.1453136947, -122598.2656756921 628379.6714122943, -122574.9310654619 628217.8057737775, -134663.5233209464 633140.6476942959, -140167.0742770817 631073.7635183986, -142042.4493078142 634385.8902809555, -146477.314227783 636590.7689100084, -153783.5675325464 647771.5320907023, -157306.7273474179 666987.6917822519))",12129,FL,Wakulla,2.0,2.0,2.0,2.0,1.0,0.0,0.0,4.0,0.0,0.0,0.0,1.0,0.0,0.0,1.0,0.0,1.0,0.0,0.0,0.0,1.0,1.0,0.0,0.0,0.0,1.0,0.0,0.0,0.0,3.0,0.0,0.0,0.0,1.0,0.0,1.0,0.0,0.0,0.0,0.0,0.0,0.0
33,12,131,00295727,0500000US12131,12131,Walton,06,2687739968,522795375,"POLYGON ((-314996.4207065557 750609.1002136568, -312731.560646472 750489.1628128098, -295725.9029698542 749639.2179757621, -281163.4427687794 748933.2180142831, -282859.3696247726 716826.7078182374, -264329.0080293017 715848.2962948177, -271455.2806034019 708737.1237434947, -266825.3963737887 692259.0320084402, -280109.2134683047 681621.9047997699, -281023.7089712399 668262.6037368882, -281384.1484433024 668487.5370653962, -289899.2784979296 672515.5102447334, -302473.7081832173 677542.2880524917, -319137.6642386566 682100.3614882138, -314996.4207065557 750609.1002136568))",12131,FL,Walton,3.0,2.0,6.0,6.0,1.0,0.0,0.0,5.0,0.0,0.0,0.0,0.0,1.0,0.0,1.0,0.0,1.0,0.0,1.0,0.0,1.0,1.0,0.0,0.0,0.0,0.0,0.0,1.0,1.0,5.0,1.0,0.0,0.0,0.0,0.0,1.0,0.0,0.0,0.0,0.0,1.0,1.0
34,12,095,00295750,0500000US12095,12095,Orange,06,2337566033,260717886,"POLYGON ((135686.8354469246 491370.5813131625, 136878.3269736849 493470.0848929071, 159536.0406305416 493267.4074293644, 155140.0764293655 485423.3727163416, 155053.1014585074 477240.5342650106, 159406.1820604207 477211.4081587275, 167933.8236255905 473882.3052565876, 187384.3102205615 474095.3980391339, 201247.2225936918 474139.8644945403, 211665.5444409489 462009.0397681442, 213440.7060787434 444723.4481258699, 190718.7072882851 444787.9307753024, 169650.539439283 444817.2216619044, 135561.732227308 444848.1002403992, 135680.9529856147 466923.926279987, 135686.8354469246 491370.5813131625))",12095,FL,Orange,1.0,1.0,1.0,1.0,1.0,0.0,0.0,5.0,0.0,0.0,0.0,0.0,1.0,0.0,0.0,0.0,0.0,0.0,0.0,0.0,1.0,1.0,0.0,0.0,0.0,1.0,0.0,0.0,0.0,5.0,0.0,0.0,0.0,0.0,0.0,0.0,0.0,0.0,0.0,0.0,0.0,0.0
35,12,039,00306918,0500000US12039,12039,Gadsden,06,1337194435,31686103,"POLYGON ((-177227.4040909378 701684.337192194, -170024.7879352416 711084.9140542804, -170314.4089754708 713127.787916053, -170196.7181956169 713118.7305848654, -165364.5286391497 712747.9815471375, -132969.2605040551 709821.1545962973, -123991.7442776178 709107.3356318311, -114872.6908065669 708390.0578160962, -124149.3771071691 696301.1279163772, -127076.6236419416 685344.6841686036, -138148.2872193992 683184.140489625, -150546.2241992657 676555.5577925564, -163239.3640729606 684917.0045529647, -163087.6529124779 691455.4354145076, -172717.666072296 693383.0818573532, -172507.1691683671 701430.8499513149, -177227.4040909378 701684.337192194))",12039,FL,Gadsden,2.0,2.0,2.0,2.0,1.0,0.0,0.0,4.0,0.0,0.0,0.0,1.0,0.0,1.0,1.0,0.0,0.0,0.0,1.0,1.0,1.0,0.0,0.0,0.0,0.0,1.0,0.0,0.0,0.0,4.0,0.0,0.0,0.0,0.0,0.0,0.0,0.0,0.0,0.0,0.0,1.0,0.0
36,12,045,00306917,0500000US12045,12045,Gulf,06,1433354005,494697662,"POLYGON ((-226996.4154420988 618623.0807722115, -223585.0233064507 627199.4644913692, -224007.6887929042 627567.5928407081, -222868.2899207101 658303.4683974971, -196452.114577362 657204.5506311437, -200586.9049912296 645359.0450351983, -196970.3525050366 637574.0398185391, -188649.160020331 631524.5200999705, -191561.4420133546 624872.0539162681, -190740.2744779028 610348.5749974804, -197535.2833443602 610213.700077383, -209496.2269237827 598728.4897998825, -212481.6552458424 600142.5859206429, -221575.8086173197 598090.7208105522, -226024.9701763143 609264.4440138703, -226996.4154420988 618623.0807722115))",12045,FL,Gulf,3.0,2.0,6.0,6.0,1.0,0.0,0.0,4.0,0.0,0.0,0.0,1.0,0.0,1.0,1.0,0.0,0.0,0.0,1.0,0.0,1.0,0.0,0.0,0.0,0.0,0.0,0.0,1.0,1.0,4.0,1.0,0.0,0.0,0.0,0.0,0.0,0.0,0.0,0.0,0.0,1.0,0.0
37,12,075,00295724,0500000US12075,12075,Levy,06,2896211042,762907881,"POLYGON ((-10468.75682052164 551017.09542631, -107.0617627731117 557525.0074189092, 7519.707383485162 570872.960437179, 12305.74772792912 584121.8162631867, 20124.06760885776 583222.8679700374, 28227.19353783297 583166.6345756839, 29783.85061187227 580657.663896082, 39495.09216517044 580774.8627200245, 49023.99394354166 577626.4882508552, 49016.06588048453 571245.4149754808, 63586.3645557774 571613.5095766326, 63531.5622253053 557871.7951923369, 63555.96540045345 541743.214284078, 50754.64950914704 541798.928887312, 50437.82347567027 522974.3386478797, 42877.24944491062 519129.9036360251, 33227.09565867094 521656.6069831958, 28936.28714106718 518403.8545410436, 28574.93873617714 519040.0224690666, 28621.81015652977 524314.3232280761, 22468.83485848119 529365.5161062478, 24908.2790002565 531058.0471905281, 22238.908038786 535969.4602479473, 12523.5046506401 537286.9756657275, 5823.186654999212 538415.4289310764, 3766.910150104202 532605.7470878212, 179.6149685775745 533274.1834874812, -2200.141338607267 540647.3442994196, -1686.424505527364 546297.8985445878, -4828.448399273824 548673.4781167555, -10468.75682052164 551017.09542631))",12075,FL,Levy,6.0,6.0,8.0,7.0,0.0,1.0,0.0,0.0,0.0,0.0,0.0,0.0,0.0,0.0,1.0,0.0,1.0,0.0,1.0,1.0,1.0,0.0,0.0,0.0,0.0,0.0,0.0,1.0,1.0,6.0,1.0,0.0,0.0,0.0,0.0,1.0,0.0,1.0,1.0,1.0,1.0,0.0
38,12,081,00295744,0500000US12081,12081,Manatee,06,1924706077,387507719,"POLYGON ((30097.83925538356 355189.1674449095, 36919.85417562633 354451.4550665386, 43553.61724453664 362446.4084380776, 46756.69880043314 367884.602761797, 95958.95682947717 367468.6817224192, 95529.76274010818 333325.6404009887, 95333.91131241011 318865.8186256784, 76292.84775668965 319165.208758731, 75809.45432482219 319349.5758697489, 76136.02197875576 338822.4776945134, 36975.59235195149 339663.8849767619, 32728.89830249644 344986.0636941737, 27812.34111160881 355459.7748681894, 30097.83925538356 355189.1674449095))",12081,FL,Manatee,2.0,2.0,2.0,2.0,1.0,0.0,0.0,5.0,0.0,0.0,0.0,0.0,1.0,0.0,0.0,0.0,1.0,0.0,0.0,0.0,1.0,1.0,0.0,0.0,0.0,1.0,0.0,0.0,0.0,5.0,0.0,0.0,0.0,0.0,0.0,1.0,0.0,0.0,0.0,0.0,0.0,0.0
39,12,063,00295734,0500000US12063,12063,Jackson,06,2378066187,94242663,"POLYGON ((-232862.0514494234 744704.7099635655, -229771.1792499202 747184.2812460215, -228842.7152472863 747157.7790702212, -214014.4987063666 746745.5411502398, -196093.9595600377 746187.8618886303, -185129.8604490658 745779.1230349729, -182377.5287647404 745683.4738609466, -182812.7900793409 743071.576909623, -180838.9767220625 738549.2100871344, -176469.763143454 731917.2207957902, -176509.1656742128 726954.6983105774, -175205.2230857298 720024.7626726637, -170314.4089754708 713127.787916053, -170024.7879352416 711084.9140542804, -177227.4040909378 701684.337192194, -199798.0793883211 702674.2432732766, -200381.5086505226 697844.9423348241, -220740.8040310821 698899.538030608, -225621.1271692479 699169.1953627443, -224423.5308294044 723350.0530183708, -229019.9081168732 728432.0522012792, -240288.1691191016 729006.6936169836, -232862.0514494234 744704.7099635655))",12063,FL,Jackson,6.0,6.0,6.0,6.0,0.0,1.0,0.0,4.0,0.0,0.0,0.0,1.0,0.0,0.0,1.0,0.0,0.0,0.0,0.0,1.0,1.0,0.0,0.0,0.0,0.0,0.0,0.0,1.0,1.0,4.0,1.0,0.0,0.0,0.0,1.0,0.0,0.0,1.0,0.0,1.0,1.0,0.0
40,12,089,00295730,0500000US12089,12089,Nassau,06,1680074654,200051078,"POLYGON ((98974.47503106309 669168.9565226969, 99958.44343762081 669356.8064523607, 99872.5311438863 673028.4036947628, 101241.100781221 677908.8338300651, 102271.0699063939 687189.5751158526, 102596.1258967871 695005.6901910173, 99410.26408617839 701005.1584642032, 100185.6716880062 705081.5288638504, 101123.4588555787 711536.997726057, 104765.8472664997 715429.047730228, 109763.194403925 719971.9052350038, 113317.765779741 719273.959147726, 113664.0350673759 719206.0367975737, 116867.2559109995 716069.1126737481, 122615.4118443161 715722.2299384591, 126925.4353389378 713896.4060543616, 129889.4468675887 711195.1412443339, 136009.8999244633 710603.5900633271, 139352.882747983 708916.6686385523, 146198.6839690565 707327.4586925637, 149404.6706573259 708172.4154841285, 151421.774314992 708116.2165907943, 157458.8151125015 706624.8110012873, 159053.9228451997 705322.2068749781, 157509.4808875186 694565.6252100916, 158342.4519124864 685874.4727303565, 158825.8992605137 684056.1122867506, 152075.4316752143 690470.4617005438, 147886.5405642904 686066.0724098345, 141456.0635288561 689479.2193035944, 141863.603963336 692934.3598041056, 130790.4750625663 691479.2453142335, 128322.2839864586 686946.2338758551, 120180.0798867126 679976.2639317892, 100180.4872958106 659743.8474471997, 99045.10893480059 658642.8141147634, 98974.47503106309 669168.9565226969))",12089,FL,Nassau,1.0,1.0,1.0,1.0,1.0,0.0,0.0,5.0,0.0,0.0,0.0,0.0,1.0,0.0,0.0,0.0,1.0,0.0,0.0,0.0,1.0,1.0,0.0,0.0,0.0,1.0,0.0,0.0,0.0,6.0,0.0,0.0,0.0,0.0,0.0,1.0,0.0,0.0,0.0,0.0,0.0,0.0
41,12,011,00295753,0500000US12011,12011,Broward,06,3116026236,310052487,"POLYGON ((211856.4102340078 221600.6397362848, 270132.4474901662 221846.8022237869, 274889.90130323 222667.9603319664, 279460.0085991568 221176.9468481057, 282847.9533314932 221193.7143012593, 289872.4503872234 221239.5155345479, 292265.7134029575 220496.6217748159, 291354.2500748673 212550.8973935968, 289165.5869326283 195255.0940695085, 289079.4413042673 194575.4478112973, 288790.8890000698 186802.1665478704, 288618.1452863255 182155.6379815211, 288608.7425676975 181902.8699772088, 279486.0303393195 181831.1369399019, 270578.9283050853 181544.6057481523, 267429.6416881703 180037.6953970079, 232046.1210827674 179874.5764716066, 232037.9917817792 182299.8086733581, 212723.4035518711 182342.7133734092, 212006.2083365248 213363.717478279, 211856.4102340078 221600.6397362848))",12011,FL,Broward,1.0,1.0,1.0,1.0,1.0,0.0,0.0,0.0,0.0,0.0,0.0,0.0,0.0,0.0,0.0,0.0,0.0,0.0,0.0,0.0,1.0,1.0,0.0,0.0,0.0,1.0,0.0,0.0,0.0,5.0,0.0,0.0,0.0,0.0,0.0,0.0,0.0,0.0,1.0,0.0,0.0,0.0
42,12,105,00295747,0500000US12105,12105,Polk,06,4654624281,552319387,"POLYGON ((91456.02432141737 435432.6890138045, 96452.31460587151 441323.7721708116, 106040.1683757674 440814.9613597212, 106110.0248344318 444832.6989157844, 115929.625254664 446608.3454805666, 135561.732227308 444848.1002403992, 135521.333254539 435695.7814471373, 145302.4153572534 435075.8658955785, 148507.3598686423 422144.5990060865, 155188.2721081906 422157.3306129219, 155208.8624120422 415699.5397265918, 165953.7355847505 415641.6680405515, 162703.9132963797 407563.1010343145, 154820.3160446562 412016.7579084691, 158693.6000148692 406478.592092818, 169616.3982519711 397590.4380820249, 170272.7206253007 390962.3226240951, 179496.4690857855 386404.772948985, 185606.8005585455 374141.3423160159, 185971.9601306542 366684.1377374339, 147712.0634924637 367141.0278518974, 144393.3497821867 367180.433495237, 95958.95682947717 367468.6817224192, 96155.79706116079 396431.1767646325, 96136.39528703853 398587.4333348348, 96272.59700540005 425675.0788699517, 91402.16389667812 425724.9181796407, 91456.02432141737 435432.6890138045))",12105,FL,Polk,2.0,2.0,2.0,2.0,1.0,0.0,0.0,0.0,0.0,0.0,0.0,0.0,0.0,0.0,0.0,0.0,1.0,0.0,0.0,0.0,1.0,0.0,0.0,0.0,0.0,1.0,0.0,0.0,0.0,5.0,0.0,0.0,0.0,0.0,0.0,1.0,0.0,0.0,1.0,0.0,0.0,0.0
43,12,021,00295754,0500000US12021,12021,Collier,06,5170431469,799432008,"POLYGON ((115493.7421930673 221491.7202982013, 118225.9550279644 219908.8587493062, 125500.4921756792 219936.9377123013, 134314.0038354008 219962.9611761488, 134212.2914907049 231432.264415121, 143921.8685522029 231557.7047015461, 143808.0332290471 241607.1067448211, 172913.324894397 241927.2462728541, 173173.1050361303 212675.8641414301, 212006.2083365248 213363.717478279, 212723.4035518711 182342.7133734092, 212725.6009315499 163060.6970799176, 155690.6978371717 162880.0342117054, 152650.268442256 164419.4952547667, 138402.2489680959 173013.999403357, 135837.9309307775 171204.9946072045, 132579.3630538883 168907.6570686762, 127152.1465601484 174537.2398408885, 124168.2281201018 184876.1168460723, 119129.6157584597 201732.7155530825, 115684.5248415289 221195.7416643558, 115493.7421930673 221491.7202982013))",12021,FL,Collier,2.0,2.0,2.0,2.0,1.0,0.0,0.0,5.0,0.0,0.0,0.0,0.0,1.0,0.0,0.0,0.0,1.0,0.0,0.0,0.0,1.0,1.0,0.0,0.0,0.0,1.0,0.0,0.0,0.0,5.0,0.0,0.0,0.0,0.0,0.0,1.0,0.0,0.0,0.0,0.0,0.0,0.0
44,12,051,00307626,0500000US12051,12051,Hendry,06,2994619283,87037213,"POLYGON ((143717.6824958835 269996.712598495, 205434.8311602655 269816.9112227538, 211354.6170848264 290857.4527835205, 211856.4102340078 221600.6397362848, 212006.2083365248 213363.717478279, 173173.1050361303 212675.8641414301, 172913.324894397 241927.2462728541, 143808.0332290471 241607.1067448211, 143717.7765354892 251247.6953631185, 143717.6824958835 269996.712598495))",12051,FL,Hendry,4.0,3.0,4.0,5.0,0.0,1.0,1.0,1.0,1.0,0.0,0.0,0.0,0.0,1.0,1.0,0.0,0.0,0.0,1.0,1.0,1.0,0.0,0.0,0.0,0.0,0.0,0.0,1.0,0.0,1.0,1.0,1.0,1.0,0.0,1.0,0.0,0.0,0.0,0.0,1.0,1.0,0.0
45,12,057,00295757,0500000US12057,12057,Hillsborough,06,2646574869,631652995,"POLYGON ((37846.10306675191 426512.5270150623, 55213.02294502535 426141.7137610459, 76288.14428942077 425851.4620354101, 91402.16389667812 425724.9181796407, 96272.59700540005 425675.0788699517, 96136.39528703853 398587.4333348348, 96155.79706116079 396431.1767646325, 95958.95682947717 367468.6817224192, 46756.69880043314 367884.602761797, 50650.39721931552 374502.6061811208, 54286.50587768806 376388.9446169956, 58847.70558141795 381332.7717431317, 57245.69875800403 386000.8156769015, 54825.49009057309 386866.4711209026, 53215.95071511474 387442.509428549, 46936.34898097249 390386.4144093812, 45694.21501182605 389058.2722341991, 45104.15595739277 397120.5743632267, 37785.33569232491 404996.6688247829, 37858.69510961164 423370.752105817, 37846.10306675191 426512.5270150623))",12057,FL,Hillsborough,1.0,1.0,1.0,1.0,1.0,0.0,0.0,0.0,0.0,0.0,0.0,0.0,0.0,0.0,0.0,0.0,0.0,0.0,0.0,0.0,1.0,1.0,0.0,0.0,0.0,1.0,0.0,0.0,0.0,5.0,0.0,0.0,0.0,0.0,0.0,0.0,0.0,0.0,1.0,0.0,0.0,0.0
46,12,109,00308371,0500000US12109,12109,St. Johns,06,1555841585,571923268,"POLYGON ((134451.8550136605 641501.7172789451, 158192.7724452464 639645.1148502192, 157951.9399691848 655918.9980626291, 163972.0386417403 655963.6087156957, 172097.9842117645 618500.6280309213, 173877.2963464353 614941.0364150044, 174683.7952595023 608179.5792327195, 175179.3255810137 604029.5243210811, 179633.1273602361 591378.7068493937, 168618.1032619857 586412.8326107198, 149286.7121350224 586131.2394155442, 149225.7564690677 597122.2583383309, 149203.6508541279 601324.6543891779, 143834.9313052729 610293.5004399566, 141990.2974570075 623143.987017255, 133505.3148973737 631529.7644623198, 134451.8550136605 641501.7172789451))",12109,FL,St. Johns,1.0,1.0,1.0,1.0,1.0,0.0,0.0,5.0,0.0,0.0,0.0,0.0,1.0,0.0,0.0,0.0,1.0,0.0,0.0,0.0,1.0,1.0,0.0,0.0,0.0,1.0,0.0,0.0,0.0,5.0,0.0,0.0,0.0,0.0,0.0,1.0,0.0,0.0,0.0,0.0,0.0,0.0
47,12,111,00308372,0500000US12111,12111,St. Lucie,06,1480655751,300844500,"POLYGON ((231619.5101403088 357324.0148902127, 267482.0244545352 357344.1199568437, 273824.1856932023 337705.7189495753, 279411.4806829427 324799.5541679971, 270820.8945030308 324826.5973153049, 270784.183366917 318432.9205042828, 231913.8493214314 318268.1194328196, 231619.5101403088 357324.0148902127))",12111,FL,St. Lucie,2.0,2.0,2.0,2.0,1.0,0.0,0.0,0.0,0.0,0.0,0.0,0.0,0.0,0.0,0.0,0.0,1.0,0.0,1.0,0.0,1.0,1.0,0.0,0.0,0.0,1.0,0.0,0.0,0.0,5.0,0.0,0.0,0.0,0.0,0.0,1.0,0.0,0.0,1.0,0.0,1.0,0.0
48,12,099,00295761,0500000US12099,12099,Palm Beach,06,5090938139,1081432228,"POLYGON ((211354.6170848264 290857.4527835205, 241677.0200196104 290812.3654171289, 285189.7764076649 290888.9265452675, 291029.946525056 292469.5316616358, 294777.9295279366 280164.4745727904, 295692.1309459817 274164.8509457126, 296083.2193615151 271599.7721094991, 296257.5323556367 270456.7759367624, 295975.2760243161 259873.8598372978, 296020.7979716408 256423.7770713923, 296068.3756185356 252816.469854486, 295755.563052406 248049.5516656463, 294658.8508904779 241415.441903466, 293605.1551971853 232194.753580002, 292265.7134029575 220496.6217748159, 289872.4503872234 221239.5155345479, 282847.9533314932 221193.7143012593, 279460.0085991568 221176.9468481057, 274889.90130323 222667.9603319664, 270132.4474901662 221846.8022237869, 211856.4102340078 221600.6397362848, 211354.6170848264 290857.4527835205))",12099,FL,Palm Beach,1.0,1.0,1.0,1.0,1.0,0.0,0.0,5.0,0.0,0.0,0.0,0.0,1.0,0.0,0.0,0.0,1.0,0.0,0.0,0.0,1.0,1.0,0.0,0.0,0.0,1.0,0.0,0.0,0.0,5.0,0.0,0.0,0.0,0.0,0.0,1.0,0.0,0.0,0.0,0.0,0.0,0.0
49,12,069,00308551,0500000US12069,12069,Lake,06,2462296203,534178837,"POLYGON ((106624.1075060947 467717.3500516453, 106992.3727769767 512977.5543497237, 125760.7469883426 512938.8668938869, 135795.9025117342 512813.5792607306, 137653.8813257343 535908.9319997736, 137622.9488187955 547875.0390945419, 140454.2855782305 539677.3686520224, 148325.5067000394 536721.5823654728, 151129.1578859178 527973.3029566236, 165449.6424150023 515349.8950776473, 164206.5612566462 503700.1067582151, 159317.0879617389 497658.5451276628, 159536.0406305416 493267.4074293644, 136878.3269736849 493470.0848929071, 135686.8354469246 491370.5813131625, 135680.9529856147 466923.926279987, 135561.732227308 444848.1002403992, 115929.625254664 446608.3454805666, 106110.0248344318 444832.6989157844, 106624.1075060947 467717.3500516453))",12069,FL,Lake,1.0,1.0,1.0,1.0,1.0,0.0,0.0,0.0,0.0,0.0,0.0,0.0,0.0,0.0,0.0,0.0,1.0,0.0,0.0,0.0,1.0,1.0,0.0,0.0,0.0,1.0,0.0,0.0,0.0,5.0,0.0,0.0,0.0,0.0,0.0,1.0,0.0,0.0,1.0,0.0,0.0,0.0
50,12,083,00306922,0500000US12083,12083,Marion,06,4113955311,192320562,"POLYGON ((50754.64950914704 541798.928887312, 63555.96540045345 541743.214284078, 63531.5622253053 557871.7951923369, 63586.3645557774 571613.5095766326, 82514.45838329731 571291.8236257372, 83589.24278094734 564418.9544488352, 97582.99119253567 566464.7099673888, 97587.67122276119 569722.1549214786, 102613.4836704558 573056.862528743, 118276.914039714 575070.7372114769, 124728.4625880781 571306.2178873519, 128019.5661912739 558382.4194087801, 133865.0822154623 553179.4339539621, 137622.9488187955 547875.0390945419, 137653.8813257343 535908.9319997736, 135795.9025117342 512813.5792607306, 125760.7469883426 512938.8668938869, 106992.3727769767 512977.5543497237, 72142.71779748811 513348.8290376658, 72126.41005627289 513531.0372884689, 72147.90431051486 513719.6996126815, 72112.19466573562 513849.0225236809, 72096.11277110997 514042.6467975524, 72046.49226193463 514104.2797049601, 72011.87399145955 514314.0734324217, 71988.1815010642 514357.6817037313, 71817.92345241539 514441.2753743274, 71773.31808325335 514515.269929553, 71764.03448062747 514618.3598194558, 71792.40012056068 514723.2480897977, 71755.1212815769 514780.9761191038, 71573.91506102326 514799.9547916112, 71455.6511826498 514903.3729689424, 71421.70804019769 514910.4030206272, 71405.68115452628 514802.0520978056, 71322.38594803429 514771.9414688473, 71246.2027116205 514811.2598168476, 71225.03066193928 514870.6943978457, 71279.49608753064 514955.4465441892, 71226.96234794156 515017.3377239015, 71136.86256618469 514988.85651588, 71043.5049967845 515017.7259852088, 71037.12667363374 515101.0516618072, 70872.97872899972 515171.6215097654, 70776.85020843137 515248.7475687722, 70642.15855708614 515407.3446205273, 70515.80173743925 515396.5692504765, 70413.38441287931 515425.5458815739, 70373.69315495189 515545.2758331239, 70251.96788945716 515590.7673845357, 70196.37604503064 515683.29510498, 70181.0927484592 515762.9527940314, 70071.65092321894 515808.3080312014, 70000.4197441116 515715.435989144, 69930.59027046358 515841.7159388518, 69866.85177578752 515894.42833234, 69689.76939670095 515940.218920796, 69623.20155603002 516078.658591649, 69544.78197014767 516160.251509226, 69425.500077167 516222.6860678199, 69285.09986478748 516416.7294451711, 69234.21573120667 516424.9562208463, 69134.63533066768 516359.4607425842, 68851.04653178051 516347.1654999239, 68764.83754732407 516420.3166477716, 68605.46788196679 516437.0993521897, 68513.12876870492 516493.915239987, 68417.84214447896 516616.8378278991, 68214.52472738488 516813.1664550104, 67934.37253551735 516827.7938748268, 67830.94017831402 516868.6681255399, 67708.71479399907 517029.820435236, 67601.5713992113 517052.8910692047, 67383.03174256327 517059.72904647, 67322.85643094085 517090.2434934946, 67270.7080811901 517166.0075475836, 67276.81118770674 517314.9332286185, 67170.04498069891 517404.1872624925, 67164.15280556786 517459.463620903, 67283.85364151743 517511.5179816415, 67305.7578599079 517551.6186388788, 67303.87080802917 517607.7356330453, 67213.83313162837 517676.8418034288, 56093.47136500818 523747.9225379477, 50437.82347567027 522974.3386478797, 50754.64950914704 541798.928887312))",12083,FL,Marion,2.0,2.0,2.0,2.0,1.0,0.0,0.0,0.0,0.0,0.0,0.0,0.0,0.0,0.0,1.0,0.0,1.0,0.0,1.0,0.0,1.0,0.0,0.0,0.0,0.0,1.0,0.0,0.0,0.0,5.0,0.0,0.0,0.0,0.0,0.0,1.0,0.0,0.0,1.0,0.0,1.0,0.0
51,12,005,00295738,0500000US12005,12005,Bay,06,1964585684,711267987,"POLYGON ((-280109.2134683047 681621.9047997699, -266459.1932712633 686734.9124471967, -231309.6050405414 684838.8118576544, -230575.8819251254 699367.3213361508, -225621.1271692479 699169.1953627443, -220740.8040310821 698899.538030608, -222868.2899207101 658303.4683974971, -224007.6887929042 627567.5928407081, -227447.5537713243 630565.2328127247, -233373.6091272919 632056.5640272303, -241218.3536602876 639618.593864831, -243912.4908248487 643052.0291189631, -252963.7876327001 647930.423732477, -263628.1843334403 657433.3683388102, -281023.7089712399 668262.6037368882, -280109.2134683047 681621.9047997699))",12005,FL,Bay,3.0,2.0,3.0,2.0,1.0,0.0,0.0,5.0,0.0,0.0,0.0,0.0,1.0,0.0,0.0,0.0,0.0,0.0,0.0,0.0,1.0,1.0,0.0,0.0,0.0,1.0,0.0,0.0,0.0,4.0,0.0,0.0,0.0,0.0,0.0,0.0,0.0,0.0,0.0,0.0,0.0,0.0
52,12,017,00295752,0500000US12017,12017,Citrus,06,1507142282,495547943,"POLYGON ((28936.28714106718 518403.8545410436, 33227.09565867094 521656.6069831958, 42877.24944491062 519129.9036360251, 50437.82347567027 522974.3386478797, 56093.47136500818 523747.9225379477, 67213.83313162837 517676.8418034288, 67303.87080802917 517607.7356330453, 67305.7578599079 517551.6186388788, 67283.85364151743 517511.5179816415, 67164.15280556786 517459.463620903, 67170.04498069891 517404.1872624925, 67276.81118770674 517314.9332286185, 67270.7080811901 517166.0075475836, 67322.85643094085 517090.2434934946, 67383.03174256327 517059.72904647, 67601.5713992113 517052.8910692047, 67708.71479399907 517029.820435236, 67830.94017831402 516868.6681255399, 67934.37253551735 516827.7938748268, 68214.52472738488 516813.1664550104, 68417.84214447896 516616.8378278991, 68513.12876870492 516493.915239987, 68605.46788196679 516437.0993521897, 68764.83754732407 516420.3166477716, 68851.04653178051 516347.1654999239, 69134.63533066768 516359.4607425842, 69234.21573120667 516424.9562208463, 69285.09986478748 516416.7294451711, 69425.500077167 516222.6860678199, 69544.78197014767 516160.251509226, 69623.20155603002 516078.658591649, 69689.76939670095 515940.218920796, 69866.85177578752 515894.42833234, 69930.59027046358 515841.7159388518, 70000.4197441116 515715.435989144, 70071.65092321894 515808.3080312014, 70181.0927484592 515762.9527940314, 70196.37604503064 515683.29510498, 70251.96788945716 515590.7673845357, 70373.69315495189 515545.2758331239, 70413.38441287931 515425.5458815739, 70515.80173743925 515396.5692504765, 70642.15855708614 515407.3446205273, 70776.85020843137 515248.7475687722, 70872.97872899972 515171.6215097654, 71037.12667363374 515101.0516618072, 71043.5049967845 515017.7259852088, 71136.86256618469 514988.85651588, 71226.96234794156 515017.3377239015, 71279.49608753064 514955.4465441892, 71225.03066193928 514870.6943978457, 71246.2027116205 514811.2598168476, 71322.38594803429 514771.9414688473, 71405.68115452628 514802.0520978056, 71421.70804019769 514910.4030206272, 71455.6511826498 514903.3729689424, 71573.91506102326 514799.9547916112, 71755.1212815769 514780.9761191038, 71792.40012056068 514723.2480897977, 71764.03448062747 514618.3598194558, 71773.31808325335 514515.269929553, 71817.92345241539 514441.2753743274, 71988.1815010642 514357.6817037313, 72011.87399145955 514314.0734324217, 72046.49226193463 514104.2797049601, 72096.11277110997 514042.6467975524, 72112.19466573562 513849.0225236809, 72147.90431051486 513719.6996126815, 72126.41005627289 513531.0372884689, 72142.71779748811 513348.8290376658, 85856.41410524983 494644.5651580237, 76539.82032738699 480847.9969126913, 61421.14324941233 480825.0424699727, 61393.88687350339 484036.0349402737, 36923.73341753584 484290.9473281681, 36924.79803136035 484441.1332947237, 32698.54933513334 487302.024458667, 32752.05693300866 496100.5208641274, 31160.52816147421 501653.2289289177, 35286.72000234859 507742.3190038168, 31950.24568079156 513101.103298119, 28936.28714106718 518403.8545410436))",12017,FL,Citrus,3.0,2.0,4.0,5.0,1.0,0.0,0.0,0.0,0.0,0.0,0.0,0.0,0.0,0.0,1.0,0.0,1.0,0.0,0.0,0.0,1.0,0.0,0.0,0.0,0.0,0.0,0.0,1.0,0.0,5.0,1.0,1.0,0.0,0.0,0.0,1.0,0.0,0.0,1.0,0.0,0.0,0.0
53,12,047,00295736,0500000US12047,12047,Hamilton,06,1330689567,13659798,"POLYGON ((-21405.75194123897 700448.0102440519, -4863.598001965729 698972.2499967183, -4366.71742230255 698928.3222747309, 19976.48640057057 696879.5045604539, 37967.79416345144 695360.3342662469, 34348.45762292916 691156.0781429162, 41699.55724078379 672781.8304352933, 37491.07937414097 666002.6160737985, 32811.97520504406 665260.8584745304, 27993.78837452238 665139.4400232765, 27430.7263813582 666591.3311508361, 7658.079662095872 677165.2301416172, -51.48814582207706 678793.1201226257, -8667.142907175148 672569.3443822317, -13477.45183613611 676898.7632401505, -17897.6043873087 699649.5936575305, -21405.75194123897 700448.0102440519))",12047,FL,Hamilton,6.0,6.0,6.0,7.0,0.0,1.0,0.0,4.0,0.0,0.0,0.0,1.0,0.0,1.0,1.0,0.0,1.0,1.0,1.0,1.0,0.0,0.0,0.0,0.0,0.0,0.0,0.0,1.0,1.0,3.0,1.0,0.0,0.0,1.0,1.0,1.0,1.0,1.0,0.0,1.0,1.0,0.0
54,12,067,00295732,0500000US12067,12067,Lafayette,06,1407329178,11745117,"POLYGON ((-27827.94335261607 659109.1983542987, -16274.80516908169 658900.1221651485, -14515.38904883005 642519.5563441151, -8246.498387528758 642011.0542391116, 10566.0289163258 628719.4237442857, 18413.77144090939 616809.3955838123, 16993.29999977825 610177.5950318684, 14355.1884216007 609922.2777162344, -24152.65240525696 610462.5730374114, -27441.2079416959 610484.7998358884, -29034.43133905719 617807.4885146897, -27827.94335261607 659109.1983542987))",12067,FL,Lafayette,9.0,12.0,8.0,7.0,0.0,1.0,0.0,4.0,0.0,0.0,0.0,1.0,0.0,0.0,0.0,0.0,0.0,0.0,1.0,1.0,0.0,0.0,0.0,0.0,0.0,0.0,0.0,1.0,1.0,1.0,1.0,0.0,1.0,0.0,1.0,0.0,0.0,1.0,0.0,0.0,1.0,0.0
55,12,086,00295755,0500000US12086,12086,Miami-Dade,06,4917746437,1378974993,"POLYGON ((212727.4322416125 158131.9533708911, 212725.6009315499 163060.6970799176, 212723.4035518711 182342.7133734092, 232037.9917817792 182299.8086733581, 232046.1210827674 179874.5764716066, 267429.6416881703 180037.6953970079, 270578.9283050853 181544.6057481523, 279486.0303393195 181831.1369399019, 288608.7425676975 181902.8699772088, 288373.3971570741 175581.2151146167, 288744.0970064104 170977.7795376757, 288758.2102571554 170802.565587397, 289243.2117499353 164783.4583440078, 287895.0273522558 158626.2693776802, 284837.4090357912 147829.068953012, 282620.7353028078 149983.4438925494, 277350.9649778988 155208.21086638, 273706.7565498737 146974.2095831899, 270160.1844052432 141961.5312159463, 268951.7081379814 133742.3262683754, 268748.6012562208 133016.4122584132, 266667.5170127975 125583.5515293825, 269394.9190301087 117187.5865987649, 276973.021412538 120801.8668937579, 282823.0627162658 131825.8423134485, 284164.5557329064 124193.3495403195, 277274.3062416328 111399.2661840846, 274036.3044100435 113293.0101212571, 263221.3463782945 108351.1858193687, 260928.0530900985 104211.1064725961, 260952.8398409987 102062.1569973614, 258549.4940037415 100143.2190970707, 255344.8738495211 100565.2045631593, 252110.6475081512 98840.36244337856, 251116.7898914561 96708.94776462222, 250854.6440824801 96068.68892194676, 246115.7000066416 96779.64676200661, 235222.6137448333 94832.65157334285, 229176.3476891211 90767.78370436621, 225433.0564450107 90196.56572274696, 218935.3631527773 94461.46263434338, 214296.1931340556 93512.19179190784, 212762.7597313483 114166.3508440687, 212727.4322416125 158131.9533708911))",12086,FL,Miami-Dade,1.0,1.0,1.0,1.0,1.0,0.0,0.0,0.0,0.0,0.0,0.0,0.0,0.0,0.0,0.0,0.0,0.0,0.0,0.0,0.0,1.0,1.0,0.0,0.0,0.0,1.0,0.0,0.0,0.0,5.0,0.0,0.0,0.0,0.0,1.0,0.0,0.0,0.0,1.0,0.0,0.0,0.0
56,12,009,00295749,0500000US12009,12009,Brevard,06,2629306677,1403367455,"POLYGON ((203475.3577182033 474139.761307349, 203134.7246982413 493778.2858891038, 226603.5488569138 493918.725532877, 234472.3074142068 481380.7482769017, 240700.026894564 472515.8784216619, 246510.9251757943 457215.8161407913, 240386.8470367016 451807.4445222167, 238546.0984243855 443559.2659429303, 238835.4991886771 434833.0006562003, 240262.5752468805 426000.6946402337, 244469.5221062936 411698.5030973104, 254395.0162275161 390874.6070453975, 248365.296656096 386587.5061586999, 212917.8545097436 386549.0867721486, 213440.7060787434 444723.4481258699, 211665.5444409489 462009.0397681442, 201247.2225936918 474139.8644945403, 203475.3577182033 474139.761307349))",12009,FL,Brevard,2.0,2.0,2.0,2.0,1.0,0.0,0.0,0.0,0.0,0.0,0.0,0.0,0.0,0.0,0.0,0.0,1.0,0.0,0.0,0.0,1.0,1.0,0.0,0.0,0.0,1.0,0.0,0.0,0.0,5.0,0.0,0.0,0.0,0.0,0.0,1.0,0.0,0.0,1.0,0.0,0.0,0.0
57,12,117,00303665,0500000US12117,12117,Seminole,06,801344504,93079561,"POLYGON ((155140.0764293655 485423.3727163416, 159536.0406305416 493267.4074293644, 159317.0879617389 497658.5451276628, 164206.5612566462 503700.1067582151, 168725.9486864207 498733.3014466805, 177944.7666314735 498501.5168356359, 182286.0084995016 493024.4452670894, 193379.7100346596 496342.9314209173, 194031.941482003 489324.6459412312, 201247.2225936918 474139.8644945403, 187384.3102205615 474095.3980391339, 167933.8236255905 473882.3052565876, 159406.1820604207 477211.4081587275, 155053.1014585074 477240.5342650106, 155140.0764293655 485423.3727163416))",12117,FL,Seminole,1.0,1.0,1.0,1.0,1.0,0.0,0.0,0.0,0.0,0.0,0.0,0.0,0.0,0.0,0.0,0.0,0.0,0.0,0.0,0.0,1.0,1.0,0.0,0.0,0.0,1.0,0.0,0.0,0.0,5.0,0.0,0.0,0.0,0.0,0.0,0.0,0.0,0.0,1.0,0.0,0.0,0.0
58,12,065,00295733,0500000US12065,12065,Jefferson,06,1549012956,99610823,"POLYGON ((-95982.74138321797 662204.4997708182, -95417.27124399442 680027.172718411, -92089.69057887956 684292.9823363279, -85810.3289549849 689530.9080612008, -88249.83355303673 706228.9568137547, -70395.68684531347 704714.5173453629, -62999.96154545993 704078.8233523509, -50358.34882027213 703004.1817891621, -49816.32897683445 695262.9946959525, -62757.52818010142 687318.9631369197, -61490.22670367625 679162.8869985383, -69827.14748571021 672411.8850286062, -71320.14159632835 664885.3570896916, -74941.67367193394 661621.6572126551, -80657.73801488918 658666.6618253904, -88506.74704393634 641541.6822231873, -89297.32441526768 642332.8006569955, -95288.56662325596 643065.7167835677, -96562.97984523705 642845.9928886547, -95982.74138321797 662204.4997708182))",12065,FL,Jefferson,2.0,2.0,2.0,2.0,1.0,0.0,0.0,4.0,0.0,0.0,0.0,1.0,0.0,0.0,1.0,0.0,1.0,0.0,0.0,0.0,1.0,0.0,0.0,0.0,0.0,1.0,0.0,0.0,0.0,4.0,0.0,0.0,0.0,0.0,0.0,0.0,0.0,0.0,0.0,0.0,1.0,0.0
59,12,097,00295748,0500000US12097,12097,Osceola,06,3438755923,461862673,"POLYGON ((135561.732227308 444848.1002403992, 169650.539439283 444817.2216619044, 190718.7072882851 444787.9307753024, 213440.7060787434 444723.4481258699, 212917.8545097436 386549.0867721486, 211708.4167777625 385068.3159987319, 212517.8684057929 366577.1473267004, 185971.9601306542 366684.1377374339, 185606.8005585455 374141.3423160159, 179496.4690857855 386404.772948985, 170272.7206253007 390962.3226240951, 169616.3982519711 397590.4380820249, 158693.6000148692 406478.592092818, 154820.3160446562 412016.7579084691, 162703.9132963797 407563.1010343145, 165953.7355847505 415641.6680405515, 155208.8624120422 415699.5397265918, 155188.2721081906 422157.3306129219, 148507.3598686423 422144.5990060865, 145302.4153572534 435075.8658955785, 135521.333254539 435695.7814471373, 135561.732227308 444848.1002403992))",12097,FL,Osceola,1.0,1.0,1.0,1.0,1.0,0.0,0.0,5.0,0.0,0.0,0.0,0.0,1.0,0.0,0.0,0.0,1.0,0.0,0.0,0.0,1.0,0.0,0.0,0.0,0.0,1.0,0.0,0.0,0.0,5.0,0.0,0.0,0.0,0.0,0.0,1.0,0.0,0.0,0.0,0.0,0.0,0.0
60,12,013,00306919,0500000US12013,12013,Calhoun,06,1469390185,18074799,"POLYGON ((-220740.8040310821 698899.538030608, -200381.5086505226 697844.9423348241, -199798.0793883211 702674.2432732766, -177227.4040909378 701684.337192194, -183068.4243615108 692822.6971653329, -182738.9482584074 683592.4252317486, -188821.9495574127 673876.9090713612, -188163.7813215259 669409.6293958331, -196452.114577362 657204.5506311437, -222868.2899207101 658303.4683974971, -220740.8040310821 698899.538030608))",12013,FL,Calhoun,6.0,6.0,6.0,7.0,0.0,1.0,0.0,4.0,0.0,0.0,0.0,1.0,0.0,1.0,1.0,0.0,1.0,0.0,0.0,0.0,1.0,0.0,0.0,0.0,0.0,0.0,0.0,1.0,1.0,4.0,1.0,0.0,0.0,0.0,1.0,1.0,0.0,1.0,0.0,1.0,0.0,0.0
61,12,015,00295742,0500000US12015,12015,Charlotte,06,1764058624,458736687,"POLYGON ((64035.97371006076 290166.2753195271, 75324.90796209338 289958.5359425566, 75449.73638783861 299677.7453245441, 95073.88746845491 299402.8698109358, 102442.1569169882 299690.1864410831, 144176.6871479967 299277.4189951351, 144185.841610921 299260.9793283185, 143717.6824958835 269996.712598495, 107400.1476358132 270265.497973019, 80102.32017604657 270547.8370255733, 72665.55058230349 272701.8008495142, 69389.80267841532 280390.4162093406, 64035.97371006076 290166.2753195271))",12015,FL,Charlotte,3.0,2.0,3.0,2.0,1.0,0.0,0.0,5.0,0.0,0.0,0.0,0.0,1.0,0.0,1.0,0.0,1.0,0.0,0.0,0.0,1.0,0.0,0.0,0.0,0.0,1.0,0.0,0.0,0.0,5.0,0.0,0.0,0.0,0.0,0.0,1.0,0.0,0.0,0.0,0.0,0.0,0.0
62,12,101,00295739,0500000US12101,12101,Pasco,06,1933862570,315412854,"POLYGON ((17371.90882592447 426905.0818315246, 26867.7111298792 434547.491940186, 30200.07424278575 443449.7961390933, 33685.99292680406 453942.839584982, 34357.00750583073 455394.1883119298, 77209.69834881622 455034.2601105396, 77274.44107826584 459873.9467242296, 96723.0628510926 459676.5902436575, 96452.31460587151 441323.7721708116, 91456.02432141737 435432.6890138045, 91402.16389667812 425724.9181796407, 76288.14428942077 425851.4620354101, 55213.02294502535 426141.7137610459, 37846.10306675191 426512.5270150623, 17392.05973720655 426687.4672153926, 17371.90882592447 426905.0818315246))",12101,FL,Pasco,1.0,1.0,1.0,1.0,1.0,0.0,0.0,0.0,0.0,0.0,0.0,0.0,0.0,0.0,0.0,0.0,1.0,0.0,0.0,0.0,1.0,1.0,0.0,0.0,0.0,1.0,0.0,0.0,0.0,5.0,0.0,0.0,0.0,0.0,0.0,1.0,0.0,0.0,1.0,0.0,0.0,0.0
63,12,079,00295731,0500000US12079,12079,Madison,06,1804001485,49634046,"POLYGON ((-69827.14748571021 672411.8850286062, -61490.22670367625 679162.8869985383, -62757.52818010142 687318.9631369197, -49816.32897683445 695262.9946959525, -50358.34882027213 703004.1817891621, -39656.87915764246 702106.2662238558, -26037.59897288983 700865.8641617729, -21405.75194123897 700448.0102440519, -17897.6043873087 699649.5936575305, -13477.45183613611 676898.7632401505, -8667.142907175148 672569.3443822317, -10744.32240111509 671457.9944880489, -16274.80516908169 658900.1221651485, -27827.94335261607 659109.1983542987, -37648.38605646227 659308.336673686, -37494.59283952264 664171.5487468601, -71320.14159632835 664885.3570896916, -69827.14748571021 672411.8850286062))",12079,FL,Madison,6.0,6.0,6.0,6.0,0.0,1.0,0.0,0.0,0.0,0.0,0.0,0.0,0.0,0.0,1.0,0.0,0.0,1.0,1.0,1.0,1.0,0.0,0.0,0.0,0.0,0.0,0.0,1.0,1.0,6.0,1.0,0.0,0.0,0.0,1.0,1.0,1.0,1.0,1.0,1.0,1.0,0.0
64,12,115,00295741,0500000US12115,12115,Sarasota,06,1442282866,436195743,"POLYGON ((36975.59235195149 339663.8849767619, 76136.02197875576 338822.4776945134, 75809.45432482219 319349.5758697489, 76292.84775668965 319165.208758731, 95333.91131241011 318865.8186256784, 95073.88746845491 299402.8698109358, 75449.73638783861 299677.7453245441, 75324.90796209338 289958.5359425566, 64035.97371006076 290166.2753195271, 55916.133813161 305028.450759531, 49748.04954931678 319340.2798855525, 47519.20761257844 324521.5228959693, 40635.64617596171 335082.0321965659, 36975.59235195149 339663.8849767619))",12115,FL,Sarasota,2.0,2.0,2.0,2.0,1.0,0.0,0.0,5.0,0.0,0.0,0.0,0.0,1.0,0.0,0.0,0.0,1.0,0.0,0.0,0.0,1.0,1.0,0.0,0.0,0.0,1.0,0.0,0.0,0.0,5.0,0.0,0.0,0.0,0.0,0.0,1.0,0.0,0.0,0.0,0.0,0.0,0.0
65,12,023,00306909,0500000US12023,12023,Columbia,06,2065645989,9755973,"POLYGON ((26156.42470315105 621706.8893404879, 29975.41295402395 625350.6315611007, 26878.09186480209 627692.5906192189, 27430.7263813582 666591.3311508361, 27993.78837452238 665139.4400232765, 32811.97520504406 665260.8584745304, 37491.07937414097 666002.6160737985, 41699.55724078379 672781.8304352933, 34348.45762292916 691156.0781429162, 37967.79416345144 695360.3342662469, 48079.53190970083 694519.8659624234, 59983.39204058581 693542.7220954908, 59522.67858236848 647010.707292469, 59481.61971499198 643890.2821155061, 47923.96064476311 627899.494452685, 52317.00626642437 622298.3962143291, 41392.06711554539 609984.4611251738, 39698.62212847295 610194.0092426928, 29189.79298043676 617765.1397805234, 29056.10870860869 621216.3222082015, 26156.42470315105 621706.8893404879))",12023,FL,Columbia,4.0,3.0,6.0,5.0,0.0,1.0,1.0,4.0,0.0,0.0,0.0,1.0,0.0,0.0,1.0,0.0,1.0,0.0,0.0,0.0,0.0,0.0,0.0,0.0,0.0,0.0,0.0,1.0,0.0,4.0,1.0,1.0,0.0,0.0,0.0,1.0,0.0,0.0,0.0,1.0,0.0,0.0
66,12,031,00293656,0500000US12031,12031,Duval,06,1975993782,402807900,"POLYGON ((99045.10893480059 658642.8141147634, 100180.4872958106 659743.8474471997, 120180.0798867126 679976.2639317892, 128322.2839864586 686946.2338758551, 130790.4750625663 691479.2453142335, 141863.603963336 692934.3598041056, 141456.0635288561 689479.2193035944, 147886.5405642904 686066.0724098345, 152075.4316752143 690470.4617005438, 158825.8992605137 684056.1122867506, 159104.6106910853 683008.1091214542, 160557.9419923156 681373.1287372987, 161885.5781504507 665627.01353833, 163972.0386417403 655963.6087156957, 157951.9399691848 655918.9980626291, 158192.7724452464 639645.1148502192, 134451.8550136605 641501.7172789451, 134554.3579857645 649178.4594115402, 131500.0313491152 649274.4810008084, 128843.1434948359 649083.8633565709, 98939.83564013064 649053.781249368, 99045.10893480059 658642.8141147634))",12031,FL,Duval,1.0,1.0,1.0,1.0,1.0,0.0,0.0,0.0,0.0,0.0,0.0,0.0,0.0,0.0,0.0,0.0,0.0,0.0,0.0,0.0,1.0,1.0,0.0,0.0,0.0,1.0,0.0,0.0,0.0,5.0,0.0,0.0,0.0,0.0,0.0,0.0,0.0,0.0,1.0,0.0,0.0,0.0
